"city","New York"
"city","Chicago"
"city","Orlando"
"city","Philadelphia"
"city","Dallas"
"city","Houston"
"city","Phoenix"
"city","Atlanta"
"city","Los Angeles"
"city","Denver"
"city","Las Vegas"
"city","San Francisco"
"city","Charlotte"
"city","Newark"
"city","Miami"
"city","Minneapolis"
"city","Seattle"
"city","Detroit"
"city","Boston"
"city","Washington"
"city","Baltimore"
"city","Fort Lauderdale"
"city","Salt Lake City"
"city","Honolulu"
"city","San Diego"
"city","Tampa"
"city","Portland"
"city","St. Louis"
"city","Covington"
"city","Memphis"
"city","Kansas City"
"city","Cleveland"
"city","Oakland"
"city","Sacramento"
"city","Raleigh/Durham"
"city","Nashville"
"city","Santa Ana"
"city","San Jose"
"city","San Juan"
"city","Austin"
"city","Pittsburgh"
"city","New Orleans"
"city","Milwaukee"
"city","San Antonio"
"city","Indianapolis"
"city","Fort Myers"
"city","Columbus"
"city","West Palm Beach"
"city","Albuquerque"
"city","Jacksonville"
"city","Buffalo"
"city","Windsor Locks"
"city","Kahului"
"city","Ontario"
"city","Burbank"
"city","Anchorage"
"city","Providence"
"city","Omaha"
"city","Reno"
"city","Tucson"
"city","Norfolk"
"city","Oklahoma City"
"city","Richmond"
"city","Louisville"
"city","Manchester"
"city","El Paso"
"city","Spokane"
"city","Birmingham"
"city","Tulsa"
"city","Long Beach"
"city","Boise"
"city","Albany"
"city","Kailua/Kona"
"city","Rochester"
"city","Agana"
"city","Dayton"
"city","Lihue"
"city","Little Rock"
"city","Charleston"
"city","Syracuse"
"city","White Plains"
"city","Colorado Springs"
"city","Grand Rapids"
"city","Greensboro"
"city","Des Moines"
"city","Knoxville"
"city","Savannah"
"city","Madison"
"city","Palm Springs"
"city","Wichita"
"city","Akron"
"city","Myrtle Beach"
"city","Burlington"
"city","Pensacola"
"city","Sarasota/Bradenton"
"city","Hilo"
"city","Jackson"
"city","Greer"
"city","Harrisburg"
"city","Charlotte Amalie"
"city","Fresno"
"city","Huntsville"
"city","Lubbock"
"city","Fayetteville/Springdale/"
"city","Atlantic City"
"city","Columbia"
"city","Newport News"
"city","Flint"
"city","Cedar Rapids"
"city","Moline"
"city","Lexington"
"city","Fairbanks"
"city","Midland"
"city","Gulfport"
"city","Wilmington"
"city","Springfield"
"city","Billings"
"city","Amarillo"
"city","Bangor"
"city","Saipan Island"
"city","St Petersburg"
"city","Santa Barbara"
"city","Allentown"
"city","Valparaiso"
"city","Harlingen"
"city","McAllen"
"city","Tallahassee"
"city","Fargo"
"city","Corpus Christi"
"city","Green Bay"
"city","Baton Rouge"
"city","Bozeman"
"city","Eugene"
"city","Juneau"
"city","Sioux Falls"
"city","Bellingham"
"city","South Bend"
"city","Chattanooga"
"city","Grand Canyon"
"city","Roanoke"
"city","Asheville"
"city","Medford"
"city","Missoula"
"city","Mobile"
"city","Appleton"
"city","Rapid City"
"city","Fort Wayne"
"city","Pasco"
"city","Bloomington/Normal"
"city","Shreveport"
"city","Peoria"
"city","Key West"
"city","Fort Hood/Killeen"
"city","Fayetteville"
"city","Grand Junction"
"city","Aguadilla"
"city","Redmond"
"city","Bristol/Johnson/Kingsport"
"city","Aspen"
"city","Lafayette"
"city","Nantucket"
"city","Wilkes"
"city","Daytona Beach"
"city","Augusta"
"city","Newburgh"
"city","Boulder City"
"city","Monterey"
"city","Bismarck"
"city","Eagle"
"city","Charlottesville"
"city","Traverse City"
"city","Christiansted"
"city","Montgomery"
"city","Kalispell"
"city","Alexandria"
"city","Evansville"
"city","Panama City"
"city","Durango"
"city","Great Falls"
"city","Mosinee"
"city","Saginaw"
"city","Lincoln"
"city","Lansing"
"city","Idaho Falls"
"city","Hyannis"
"city","Bethel"
"city","Kalamazoo"
"city","State College"
"city","Gainesville"
"city","Duluth"
"city","Hayden"
"city","Erie"
"city","San Luis Obispo"
"city","Elmira/Corning"
"city","New Bern"
"city","Melbourne"
"city","Ithaca"
"city","Bullhead City"
"city","La Crosse"
"city","Huntington"
"city","Bakersfield"
"city","Arcata/Eureka"
"city","Laredo"
"city","Binghamton"
"city","Grand Forks"
"city","Ketchikan"
"city","Chicago/Rockford"
"city","Toledo"
"city","Montrose"
"city","Santa Rosa"
"city","Ponce"
"city","Helena"
"city","Champaign/Urbana"
"city","Lynchburg"
"city","Monroe"
"city","Kenai"
"city","Abilene"
"city","Brownsville"
"city","Kodiak"
"city","Yuma"
"city","Florence"
"city","Fort Smith"
"city","Casper"
"city","Tyler"
"city","College Station"
"city","Plattsburgh"
"city","Lawton"
"city","Minot"
"city","Hilton Head Island"
"city","Flagstaff"
"city","Waco"
"city","Kaunakakai"
"city","Punta Gorda"
"city","Peach Springs"
"city","Sitka"
"city","Lewiston"
"city","San Angelo"
"city","Yakima"
"city","Salisbury"
"city","Greenville"
"city","Kotzebue"
"city","Lake Charles"
"city","Nome"
"city","Redding"
"city","Marquette"
"city","Wenatchee"
"city","Hailey"
"city","Wichita Falls"
"city","Santa Maria"
"city","Pago Pago"
"city","Lanai City"
"city","Vineyard Haven"
"city","Gunnison"
"city","Dothan"
"city","Valdosta"
"city","King Salmon"
"city","Barrow"
"city","Dubuque"
"city","St. George"
"city","Homer"
"city","Roswell"
"city","Columbus/W Point/Starkville"
"city","Walla Walla"
"city","Sioux City"
"city","New Haven"
"city","Pullman/Moscow"
"city","Deadhorse"
"city","Fort Collins/Loveland"
"city","Page"
"city","Dillingham"
"city","Stockton"
"city","Brunswick"
"city","Twin Falls"
"city","Gillette"
"city","Texarkana"
"city","Rhinelander"
"city","Unalaska"
"city","Cody"
"city","Rota Island"
"city","Modesto"
"city","Butte"
"city","Carlsbad"
"city","Manhattan"
"city","Longview"
"city","Hancock"
"city","Pellston"
"city","Chico"
"city","North Bend"
"city","Waterloo"
"city","Bemidji"
"city","Beaumont/Port Arthur"
"city","Aberdeen"
"city","Pocatello"
"city","Isla De Vieques"
"city","Elko"
"city","Tinian Island"
"city","Grand Island"
"city","Klamath Falls"
"city","Williamsport"
"city","Rock Springs"
"city","Meridian"
"city","Paducah"
"city","Petersburg"
"city","Youngstown/Warren"
"city","Aniak"
"city","Muskegon"
"city","International Falls"
"city","Latrobe"
"city","Brainerd"
"city","Charlevoix"
"city","Cordova"
"city","Rockland"
"city","Valdez"
"city","St. Cloud"
"city","Riverton"
"city","Sheridan"
"city","Pierre"
"city","Manokotak"
"city","Presque Isle"
"city","Del Rio"
"city","Hagerstown"
"city","Port Angeles"
"city","Tupelo"
"city","Eau Claire"
"city","Sault Ste. Marie"
"city","Hattiesburg/Laurel"
"city","Friday Harbor"
"city","Cheyenne"
"city","Yakutat"
"city","Oxnard"
"city","Morgantown"
"city","New Bedford"
"city","Prescott"
"city","Crescent City"
"city","Williston"
"city","Inyokern"
"city","Mason City"
"city","Farmington"
"city","Wrangell"
"city","Provincetown"
"city","Owensboro"
"city","Unalakleet"
"city","Clarksburg"
"city","Kearney"
"city","Bar Harbor"
"city","Garden City"
"city","Emmonak"
"city","Santa Fe"
"city","Scottsbluff"
"city","Cold Bay"
"city","Hibbing"
"city","Dickinson"
"city","Gustavus"
"city","Westerly"
"city","Laramie"
"city","Block Island"
"city","Staunton/Waynesboro/Harrisonburg"
"city","Johnstown"
"city","North Platte"
"city","Fort Yukon"
"city","Cortez"
"city","Hoonah"
"city","Alpena"
"city","Hays"
"city","Galena"
"city","St Mary's"
"city","Haines"
"city","Escanaba"
"city","Muscle Shoals"
"city","Telluride"
"city","Skagway"
"city","Altoona"
"city","Quinhagak"
"city","Iliamna"
"city","Alamosa"
"city","Seldovia"
"city","Liberal"
"city","Mammoth Lakes"
"city","Lebanon"
"city","Parkersburg"
"city","Watertown"
"city","Imperial"
"city","Victoria"
"city","Hooper Bay"
"city","Chevak"
"city","Cedar City"
"city","Iron Mountain Kingsford"
"city","Fort Dodge"
"city","Athens"
"city","Pueblo"
"city","Kipnuk"
"city","DuBois"
"city","Noorvik"
"city","McGrath"
"city","Fort Leonard Wood (U.S. Army)"
"city","Saranac Lake"
"city","Selawik"
"city","Lewisburg"
"city","Point Hope"
"city","Craig"
"city","Show Low"
"city","Rutland"
"city","Toksook Bay"
"city","Mayaguez"
"city","Noatak"
"city","Mountain Village"
"city","Lancaster"
"city","West Yellowstone"
"city","Kongiganak"
"city","Savoonga"
"city","Devils Lake"
"city","Moab"
"city","Kasigluk"
"city","Sand Point"
"city","Scammon Bay"
"city","Anaktuvuk Pass"
"city","Pendleton"
"city","Vernal"
"city","Joplin"
"city","Wainwright"
"city","Nanwalek"
"city","Jamestown"
"city","Gambell"
"city","Eastsound"
"city","Metlakatla"
"city","Marion"
"city","Kivalina"
"city","Kotlik"
"city","Dodge City"
"city","Shishmaref"
"city","Huslia"
"city","Tuntutuliak"
"city","Alakanuk"
"city","Tanana"
"city","Massena"
"city","Old Harbor"
"city","Kiana"
"city","Kwigillingok"
"city","Kalskag"
"city","St Paul Island"
"city","Chefornak"
"city","Buckland"
"city","Pilot Station"
"city","Larsen Bay"
"city","Ouzinkie"
"city","Eek"
"city","Moses Lake"
"city","Barter Island Lrrs"
"city","Salina"
"city","King Cove"
"city","Nulato"
"city","Port Graham"
"city","Sidney"
"city","Marshall"
"city","Tuluksak"
"city","Manistee"
"city","Thief River Falls"
"city","St Michael"
"city","Port Lions"
"city","Worland"
"city","Beckley"
"city","Nuiqsut"
"city","Bradford"
"city","Russian Mission"
"city","Nunapitchuk"
